0,NULL,NULL,0000000000,_@_,1/1/1900,0
1,Belinda,Wright,5951220089,BW@Bbn.bNr,6/4/1939,149
2,Shelby,Thorne,9716012892,ShelThorne@tOO.yMO,3/2/1995,57
3,Kathrine,Hernandez,3960610038,KaHern@zYv.ZnF,7/3/1937,177
4,Thomas,Ingram,6929765850,ThomaIngra@YcT.cjq,10/22/1948,316
5,Jae,Biscoe,1955965601,JaeB@Koh.XbN,2/3/2009,95
6,Rita,Hilgert,5745320335,RHilger@drv.UDK,3/19/1986,125
7,Donald,Ballenger,266543463,DonaBall@wod.ueh,3/3/1974,348
8,Bobby,Forster,9813068233,BobbFors@UWh.mkG,9/20/1959,9
9,Maud,Ward,5875901710,MWa@aVC.QRo,11/6/1921,486
10,Monica,Ramirez,8223432806,MonicaRamirez@rCs.Goz,5/4/1951,152
11,Antonio,Castaneda,9786694494,AntCastaned@TLp.LEU,7/26/1990,485
12,John,Bush,2995786291,JohnB@Cia.eVn,6/17/2014,385
13,Wilfred,Dyer,9034060118,WilfredD@UiF.Jcy,6/20/1922,434
14,Todd,Hampton,9260909029,THampto@shb.ZUV,3/10/2003,300
15,Richard,Truesdale,2458392259,RichaTrue@wPP.nBj,5/24/1935,292
16,Pamela,Mueller,5109194739,PamMuell@zZJ.zzl,5/27/1935,256
17,Jina,Smith,5665621002,JiSmith@tGU.EFQ,7/16/1935,123
18,Christina,Carroll,4024678413,ChristiC@FIj.dQB,4/6/1943,469
19,Ronald,Campbell,5911287045,RonaCam@MsZ.rxe,5/9/1963,409
20,Frederick,Cornelius,3507689364,FredeCo@ejl.TsL,9/1/1920,63
21,Maria,Dowdell,1322071268,MarDowde@CKT.eKT,8/30/1942,147
22,Charlie,Hale,9547383127,CharliHale@vBW.uCy,5/11/2011,321
23,Robert,Carson,7899966107,RoberCarson@yWb.jPf,8/16/1908,115
24,Roosevelt,Conner,8808838975,RoConner@fAr.Fah,1/12/1959,21
25,Jose,Mederios,8050900225,JMeder@bfa.JmQ,1/21/1907,148
26,Paula,Salvadore,8831302212,PaulSalva@XlG.RwW,10/25/1913,157
27,Lorriane,Gurry,9432270142,LorriGurry@oXz.RIC,7/27/1978,269
28,Samantha,Smith,5585857886,SamanSmit@ZqO.cBe,7/8/1997,31
29,Thomas,Asam,8702910781,TAs@ohJ.Pvl,10/2/2012,414
30,John,Speaks,830787600,JoSpeak@JOz.dyu,2/4/2007,391
31,John,Bickel,5229911803,JB@NXc.rrM,5/29/1909,35
32,August,Ware,6354936107,AuWa@SzP.fbf,4/5/2008,9
33,Norman,Leaming,3459937844,NormanLeamin@fyK.uZu,2/21/2019,391
34,Julie,Whiteman,742270861,JWh@cHM.Ylt,12/31/2003,407
35,Karey,Mackey,4360840255,KareMa@wUx.Fvi,11/26/1921,244
36,John,Albright,3048784042,JohnAlbright@OBz.WJb,2/9/1915,252
37,Mark,Cody,3975680955,MaCo@bSo.MRz,6/8/1969,53
38,Jesus,Chapman,2337562469,JesuChap@ond.Qfj,12/23/1946,91
39,Florence,Stollings,5455565944,FlorStollin@eFH.Ikb,1/3/1998,170
40,Linda,Mcgowan,3763319472,LMcgowa@UOU.JyV,8/2/2017,161
41,Adrian,Fravel,982174847,AdFr@Iyw.HIh,11/21/2003,482
42,Richard,Savage,7968990694,RicharSav@tWC.Obd,11/6/1906,193
43,Margaret,Limmel,107358469,MLi@kDL.mNz,5/4/1917,18
44,Shirley,Harney,8446474825,SHar@eBW.VeV,8/13/1922,62
45,Andrew,Hammond,3051178867,AHa@mQV.Zap,3/14/1916,31
46,Christy,Fu,3969647389,ChFu@Bvs.Wzq,2/10/1916,256
47,Vella,Lindsay,9778729819,VLind@nFR.WQD,1/17/1940,222
48,Marta,Brown,3942788774,MaBrow@XRq.EfG,1/10/1984,456
49,Christopher,Bonds,4175497998,ChrB@WWF.cmB,7/1/1911,473
50,Charles,Imel,3122654609,CharleIme@oCQ.Omr,10/22/1943,93
51,Ethan,Ramsey,2955587159,EthanRa@VsN.AKe,9/3/2019,489
52,Jennifer,Roosevelt,6913581574,JenRoo@DXD.loe,7/9/1977,10
53,Jon,Miller,8803368008,JonMi@zfw.PlV,3/25/2002,131
54,Donald,Bassett,9047495137,DBasse@DbW.Crg,2/19/1951,13
55,Daniel,Mcclanahan,1253348466,DanMcclan@UiZ.qHY,8/20/1913,230
56,Robert,Gonzalez,1444223453,RobGon@ZGc.jSe,6/18/1952,53
57,John,Schillinger,4709625916,JoSchilling@RdK.wUa,2/21/1975,342
58,Nancy,Moses,368920523,NanMoses@xQh.mFl,5/14/2005,102
59,Shannon,Campuzano,3935789129,ShannC@fBj.aHN,8/21/1923,101
60,Jamie,Tovar,952355036,JamTova@QEB.ucC,8/1/1936,44
61,Helen,Zelkin,9174895678,HZe@uJY.wTg,7/7/2019,68
62,Albert,Rawling,9676614444,AlbertRaw@UJb.lAZ,6/1/1937,377
63,Mary,Daly,7326062464,MaryD@zOo.eSU,9/30/1957,375
64,David,Evans,4048335731,DaviEvans@FYh.KBv,10/29/1968,229
65,Paul,Trout,9554800665,PaulTr@uPu.ntG,8/8/1937,474
66,Jessica,Hamlett,1676696692,JeH@DsO.NVh,12/7/1952,137
67,Timothy,Spatz,6833340431,TimotSpatz@Ood.vtu,2/11/1974,150
68,Patricia,Lyndon,1382199187,PatLynd@ELo.ojb,8/12/1993,446
69,Nettie,Lynch,4879611945,NetLyn@GHK.dTn,10/15/2001,433
70,Madeline,Schuster,4667032321,MSchus@hfn.Zxt,7/20/1910,93
71,Robert,Smith,3695063719,RoSmith@CKS.LFp,4/5/1923,440
72,Gail,Shores,4265143327,GaiSho@PZO.jKR,10/30/1927,462
73,Kenton,Cordova,463956276,KCordova@CJD.mSM,5/21/1919,72
74,Carolyn,Numbers,4073822280,CaNumber@ntb.ovy,7/14/2009,48
75,Alice,Evans,9772357791,AlEvan@iuT.Smy,4/20/1994,293
76,Tony,Velez,9034147464,TonyVel@KUh.fZE,3/17/1970,295
77,Dixie,Hix,3271614184,DixiHix@oVa.LlR,4/22/1943,122
78,Clayton,Mark,2833095033,ClaytoMa@Zbj.MCB,11/6/2003,399
79,Ray,Sierra,9060223219,RaySier@VpS.PyJ,10/24/2013,30
80,Laura,Mcgowan,3603516435,LaMcgowan@zJP.eCS,10/17/1951,350
81,Gene,Shelton,877638545,GeneShelt@uIe.eKB,4/11/1999,256
82,Joyce,Benites,2369164707,JoBenite@bKO.xHP,1/25/1988,208
83,Deborah,Walker,9133163531,DeborWalke@oxU.lFz,5/27/1923,355
84,Matthew,Surbaugh,9775391773,MattSurbau@sHy.SaM,8/7/1915,312
85,Franklin,Blasko,5659230887,FraBla@ale.FNb,3/14/1903,181
86,Billy,Lagatta,9430412200,BillLa@pwo.fUO,2/17/1913,59
87,Michael,Dawkins,2399252285,MDawkin@JKz.XFJ,4/27/1902,54
88,John,Diem,3034569241,JohnDiem@ynm.hdY,12/5/1958,110
89,Gayle,Abbott,1507469919,GayAbbot@lAq.hdI,10/22/1970,69
90,Marie,Arguello,2232549830,MariA@BFM.Lix,5/24/1970,322
91,William,Adelstein,8872677402,WA@bbX.CJm,10/20/1977,410
92,Tia,Rhoades,3358010874,TiRho@zXc.aCT,8/13/1925,226
93,Ruby,Hunt,3899091253,RubyHu@QEE.jvK,1/20/2010,265
94,Agnes,Fleming,9878964401,AgnesFlemi@LHZ.iZu,5/12/1945,146
95,Robert,Ballance,9355287268,RobBallanc@KbT.wwn,10/2/1944,408
96,Jessica,Ellis,6245106174,JessiElli@MvG.ziX,5/12/1960,51
97,Mary,Tarkington,8296128411,MaTarkin@flP.CqE,12/29/1912,249
98,Julia,Greene,3538927602,JGreene@Zrl.pOm,6/19/1939,465
99,Rodrigo,Current,2414382208,RodriCurrent@quU.lxV,3/21/1946,385
